        private List<NavMenuItem> navMenuPrimaryItem = new List<NavMenuItem>(
            new[]
            {
                new NavMenuItem()
                {
                    symbol=Symbol.Home,
                    text="Home",
                    Selected = Visibility.Collapsed,
                    destPage = typeof(Home)
                },

                new NavMenuItem()
                {
                    symbol=Symbol.Calendar,
                    text="Match",
                    Selected = Visibility.Collapsed,
                    destPage = typeof(Match)
                }
            });

        private List<NavMenuItem> navMenuSecondaryFootballItem = new List<NavMenuItem>(
            new[]
            {
                new NavMenuItem()
                {
                    symbol=Symbol.World,
                    text="Football",
                    Selected = Visibility.Collapsed,
                    destPage = typeof(Athletes)
                }
            });
        private List<NavMenuItem> navMenuSecondaryTennisItem = new List<NavMenuItem>(
            new[]
            {
                new NavMenuItem()
                {
                    symbol = Symbol.World,
                    text = "Tennis",
                    Selected = Visibility.Collapsed,
                    destPage = typeof(Athletes)
                }
            });

        private List<NavMenuItem> FootballInfoItem = new List<NavMenuItem>(
            new[]
            {
                new NavMenuItem()
                {
                    symbol = Symbol.People,
                    text = "Athletes",
                    Selected = Visibility.Collapsed,
                    destPage = typeof(Athletes)
                },
                new NavMenuItem()
                {
                    symbol = Symbol.LikeDislike,
                    text = "Battles",
                    Selected = Visibility.Collapsed,
                    destPage = typeof(Battles)
                },
                new NavMenuItem()
                {
                    symbol = Symbol.ViewAll,
                    text = "Result",
                    Selected = Visibility.Collapsed,
                    destPage = typeof(Result)
                }
            });
        private List<NavMenuItem> TennisInfoItem = new List<NavMenuItem>(
            new[]
            {
                new NavMenuItem()
                {
                    symbol = Symbol.People,
                    text = "Athletes",
                    Selected = Visibility.Collapsed,
                    destPage = typeof(Athletes)
                },
                new NavMenuItem()
                {
                    symbol = Symbol.LikeDislike,
                    text = "Battles",
                    Selected = Visibility.Collapsed,
                    destPage = typeof(Battles)
                },
                new NavMenuItem()
                {
                    symbol = Symbol.ViewAll,
                    text = "Result",
                    Selected = Visibility.Collapsed,
                    destPage = typeof(Result)
                }
            });
        private List<NavMenuItem> NavMenuBottomItem = new List<NavMenuItem>(
            new[]
            {
                new NavMenuItem()
                {
                    symbol=Symbol.Video,
                    text="Help",
                    Selected = Visibility.Collapsed,
                    destPage = typeof(Home)
                },
                new NavMenuItem()
                {
                    symbol=Symbol.Import,
                    text="LogOut",
                    Selected = Visibility.Collapsed,
                    destPage = typeof(Home)
                }
            });